[{"model": "admin.logentry", "pk": 1, "fields": {"action_time": "2024-03-16T11:09:24.921Z", "user": 1, "content_type": 8, "object_id": "a49b4b04-85ec-4e41-8702-2378675a4e81", "object_repr": "dwqsqwsq", "action_flag": 1, "change_message": "[{\"added\": {}}]"}}, {"model": "admin.logentry", "pk": 2, "fields": {"action_time": "2024-03-16T11:11:39.160Z", "user": 1, "content_type": 10, "object_id": "1", "object_repr": "Content block for dwqsqwsq", "action_flag": 1, "change_message": "[{\"added\": {}}]"}}, {"model": "admin.logentry", "pk": 3, "fields": {"action_time": "2024-03-16T11:12:00.337Z", "user": 1, "content_type": 10, "object_id": "2", "object_repr": "Content block for dwqsqwsq", "action_flag": 1, "change_message": "[{\"added\": {}}]"}}, {"model": "admin.logentry", "pk": 4, "fields": {"action_time": "2024-03-16T11:12:25.051Z", "user": 1, "content_type": 9, "object_id": "1", "object_repr": "Comment by admin on dwqsqwsq", "action_flag": 1, "change_message": "[{\"added\": {}}]"}}, {"model": "admin.logentry", "pk": 5, "fields": {"action_time": "2024-03-16T11:12:33.129Z", "user": 1, "content_type": 9, "object_id": "2", "object_repr": "Comment by admin on dwqsqwsq", "action_flag": 1, "change_message": "[{\"added\": {}}]"}}, {"model": "admin.logentry", "pk": 6, "fields": {"action_time": "2024-03-16T11:12:49.874Z", "user": 1, "content_type": 7, "object_id": "1", "object_repr": "admin", "action_flag": 1, "change_message": "[{\"added\": {}}]"}}, {"model": "admin.logentry", "pk": 7, "fields": {"action_time": "2024-03-16T11:24:08.699Z", "user": 1, "content_type": 10, "object_id": "3", "object_repr": "Content block for dwqsqwsq", "action_flag": 1, "change_message": "[{\"added\": {}}]"}}, {"model": "admin.logentry", "pk": 8, "fields": {"action_time": "2024-03-16T11:39:15.364Z", "user": 1, "content_type": 10, "object_id": "4", "object_repr": "Content block for dwqsqwsq", "action_flag": 1, "change_message": "[{\"added\": {}}]"}}, {"model": "admin.logentry", "pk": 9, "fields": {"action_time": "2024-03-16T11:40:16.967Z", "user": 1, "content_type": 10, "object_id": "3", "object_repr": "Content block for dwqsqwsq", "action_flag": 2, "change_message": "[{\"changed\": {\"fields\": [\"Caption\"]}}]"}}, {"model": "admin.logentry", "pk": 10, "fields": {"action_time": "2024-03-16T11:40:41.351Z", "user": 1, "content_type": 10, "object_id": "3", "object_repr": "Content block for dwqsqwsq", "action_flag": 3, "change_message": ""}}, {"model": "admin.logentry", "pk": 11, "fields": {"action_time": "2024-03-16T11:41:40.237Z", "user": 1, "content_type": 10, "object_id": "5", "object_repr": "Content block for dwqsqwsq", "action_flag": 1, "change_message": "[{\"added\": {}}]"}}, {"model": "admin.logentry", "pk": 12, "fields": {"action_time": "2024-03-16T11:43:03.446Z", "user": 1, "content_type": 10, "object_id": "6", "object_repr": "Content block for dwqsqwsq", "action_flag": 1, "change_message": "[{\"added\": {}}]"}}, {"model": "admin.logentry", "pk": 13, "fields": {"action_time": "2024-03-16T11:48:19.881Z", "user": 1, "content_type": 8, "object_id": "324a4f8e-2d35-47ff-9f3b-fd0339e488b5", "object_repr": "test", "action_flag": 1, "change_message": "[{\"added\": {}}]"}}, {"model": "admin.logentry", "pk": 14, "fields": {"action_time": "2024-03-16T11:48:53.296Z", "user": 1, "content_type": 10, "object_id": "7", "object_repr": "Content block for test", "action_flag": 1, "change_message": "[{\"added\": {}}]"}}, {"model": "admin.logentry", "pk": 15, "fields": {"action_time": "2024-03-16T11:49:16.616Z", "user": 1, "content_type": 10, "object_id": "8", "object_repr": "Content block for test", "action_flag": 1, "change_message": "[{\"added\": {}}]"}}, {"model": "admin.logentry", "pk": 16, "fields": {"action_time": "2024-03-16T11:49:43.216Z", "user": 1, "content_type": 10, "object_id": "9", "object_repr": "Content block for test", "action_flag": 1, "change_message": "[{\"added\": {}}]"}}, {"model": "admin.logentry", "pk": 17, "fields": {"action_time": "2024-03-16T11:51:09.445Z", "user": 1, "content_type": 10, "object_id": "10", "object_repr": "Content block for test", "action_flag": 1, "change_message": "[{\"added\": {}}]"}}, {"model": "admin.logentry", "pk": 18, "fields": {"action_time": "2024-03-16T11:51:29.327Z", "user": 1, "content_type": 10, "object_id": "11", "object_repr": "Content block for test", "action_flag": 1, "change_message": "[{\"added\": {}}]"}}, {"model": "admin.logentry", "pk": 19, "fields": {"action_time": "2024-04-12T14:26:47.068Z", "user": 1, "content_type": 11, "object_id": "1", "object_repr": "Krishna Tulsyan", "action_flag": 1, "change_message": "[{\"added\": {}}]"}}, {"model": "admin.logentry", "pk": 20, "fields": {"action_time": "2024-04-12T14:26:55.254Z", "user": 1, "content_type": 11, "object_id": "1", "object_repr": "Krishna Tulsyan", "action_flag": 2, "change_message": "[]"}}, {"model": "admin.logentry", "pk": 21, "fields": {"action_time": "2024-04-12T14:36:51.536Z", "user": 1, "content_type": 11, "object_id": "2", "object_repr": "Ayush Kumar", "action_flag": 1, "change_message": "[{\"added\": {}}]"}}, {"model": "admin.logentry", "pk": 22, "fields": {"action_time": "2024-04-12T16:55:46.915Z", "user": 1, "content_type": 11, "object_id": "3", "object_repr": "dsds", "action_flag": 1, "change_message": "[{\"added\": {}}]"}}, {"model": "admin.logentry", "pk": 23, "fields": {"action_time": "2024-04-12T17:00:34.905Z", "user": 1, "content_type": 11, "object_id": "3", "object_repr": "dsds", "action_flag": 3, "change_message": ""}}, {"model": "admin.logentry", "pk": 24, "fields": {"action_time": "2024-04-12T17:47:02.922Z", "user": 1, "content_type": 12, "object_id": "1", "object_repr": "Ayush Kumar", "action_flag": 1, "change_message": "[{\"added\": {}}]"}}, {"model": "admin.logentry", "pk": 25, "fields": {"action_time": "2024-04-14T19:30:38.721Z", "user": 1, "content_type": 12, "object_id": "1", "object_repr": "Ayush Kumar", "action_flag": 2, "change_message": "[{\"changed\": {\"fields\": [\"Lunar date\"]}}]"}}, {"model": "admin.logentry", "pk": 26, "fields": {"action_time": "2024-04-14T19:31:03.792Z", "user": 1, "content_type": 12, "object_id": "2", "object_repr": "deded", "action_flag": 1, "change_message": "[{\"added\": {}}]"}}, {"model": "admin.logentry", "pk": 27, "fields": {"action_time": "2024-04-14T19:31:26.818Z", "user": 1, "content_type": 12, "object_id": "3", "object_repr": "aaaaaaaaaaaaaaaaaaa", "action_flag": 1, "change_message": "[{\"added\": {}}]"}}, {"model": "admin.logentry", "pk": 28, "fields": {"action_time": "2024-04-15T14:50:09.834Z", "user": 1, "content_type": 14, "object_id": "1", "object_repr": "Yvideos object (1)", "action_flag": 1, "change_message": "[{\"added\": {}}]"}}, {"model": "admin.logentry", "pk": 29, "fields": {"action_time": "2024-04-15T14:50:33.721Z", "user": 1, "content_type": 14, "object_id": "2", "object_repr": "Yvideos object (2)", "action_flag": 1, "change_message": "[{\"added\": {}}]"}}, {"model": "admin.logentry", "pk": 30, "fields": {"action_time": "2024-04-15T15:07:41.141Z", "user": 1, "content_type": 14, "object_id": "3", "object_repr": "Yvideos object (3)", "action_flag": 1, "change_message": "[{\"added\": {}}]"}}, {"model": "admin.logentry", "pk": 31, "fields": {"action_time": "2024-04-15T15:07:46.345Z", "user": 1, "content_type": 14, "object_id": "4", "object_repr": "Yvideos object (4)", "action_flag": 1, "change_message": "[{\"added\": {}}]"}}, {"model": "admin.logentry", "pk": 32, "fields": {"action_time": "2024-04-15T15:17:52.857Z", "user": 1, "content_type": 15, "object_id": "1", "object_repr": "wssww", "action_flag": 1, "change_message": "[{\"added\": {}}]"}}, {"model": "admin.logentry", "pk": 33, "fields": {"action_time": "2024-04-15T15:17:57.773Z", "user": 1, "content_type": 15, "object_id": "2", "object_repr": "swsssssssssssssss", "action_flag": 1, "change_message": "[{\"added\": {}}]"}}, {"model": "admin.logentry", "pk": 34, "fields": {"action_time": "2024-04-15T15:20:10.839Z", "user": 1, "content_type": 16, "object_id": "1", "object_repr": "gallery_images/Screenshot_from_2024-04-14_22-48-40_vtZwPBr.png", "action_flag": 1, "change_message": "[{\"added\": {}}]"}}, {"model": "admin.logentry", "pk": 35, "fields": {"action_time": "2024-04-15T15:20:46.459Z", "user": 1, "content_type": 16, "object_id": "2", "object_repr": "gallery_images/Screenshot_from_2024-04-14_22-48-40_sQmnUgD.png", "action_flag": 1, "change_message": "[{\"added\": {}}]"}}, {"model": "admin.logentry", "pk": 36, "fields": {"action_time": "2024-04-15T16:28:52.724Z", "user": 1, "content_type": 16, "object_id": "3", "object_repr": "gallery_images/Screenshot_from_2024-04-05_23-31-59.png", "action_flag": 1, "change_message": "[{\"added\": {}}]"}}, {"model": "admin.logentry", "pk": 37, "fields": {"action_time": "2024-04-15T16:29:15.176Z", "user": 1, "content_type": 16, "object_id": "4", "object_repr": "gallery_images/Screenshot_from_2024-04-05_23-31-59_7Ww9ozz.png", "action_flag": 1, "change_message": "[{\"added\": {}}]"}}, {"model": "admin.logentry", "pk": 38, "fields": {"action_time": "2024-04-15T16:34:44.556Z", "user": 1, "content_type": 16, "object_id": "5", "object_repr": "gallery_images/Screenshot_from_2024-04-05_23-31-59_5skck1S.png", "action_flag": 1, "change_message": "[{\"added\": {}}]"}}, {"model": "admin.logentry", "pk": 39, "fields": {"action_time": "2024-04-15T16:34:56.207Z", "user": 1, "content_type": 16, "object_id": "6", "object_repr": "gallery_images/Screenshot_from_2024-04-11_21-12-11.png", "action_flag": 1, "change_message": "[{\"added\": {}}]"}}, {"model": "admin.logentry", "pk": 40, "fields": {"action_time": "2024-04-15T16:35:06.978Z", "user": 1, "content_type": 16, "object_id": "7", "object_repr": "gallery_images/Screenshot_from_2024-04-05_23-31-59_do0yo8i.png", "action_flag": 1, "change_message": "[{\"added\": {}}]"}}, {"model": "admin.logentry", "pk": 41, "fields": {"action_time": "2024-04-15T17:15:53.412Z", "user": 1, "content_type": 13, "object_id": "1", "object_repr": "Quote object (1)", "action_flag": 1, "change_message": "[{\"added\": {}}]"}}, {"model": "admin.logentry", "pk": 42, "fields": {"action_time": "2024-04-15T17:57:48.048Z", "user": 1, "content_type": 17, "object_id": "1", "object_repr": "wow", "action_flag": 1, "change_message": "[{\"added\": {}}]"}}, {"model": "admin.logentry", "pk": 43, "fields": {"action_time": "2024-04-15T17:57:53.698Z", "user": 1, "content_type": 17, "object_id": "2", "object_repr": "chow", "action_flag": 1, "change_message": "[{\"added\": {}}]"}}, {"model": "admin.logentry", "pk": 44, "fields": {"action_time": "2024-04-15T17:57:55.790Z", "user": 1, "content_type": 8, "object_id": "a49b4b04-85ec-4e41-8702-2378675a4e81", "object_repr": "dwqsqwsq", "action_flag": 2, "change_message": "[{\"changed\": {\"fields\": [\"Cover image\", \"Tags\"]}}]"}}, {"model": "admin.logentry", "pk": 45, "fields": {"action_time": "2024-04-15T18:02:29.243Z", "user": 1, "content_type": 8, "object_id": "a49b4b04-85ec-4e41-8702-2378675a4e81", "object_repr": "dwqsqwsq", "action_flag": 2, "change_message": "[{\"changed\": {\"fields\": [\"Abstract\"]}}]"}}, {"model": "admin.logentry", "pk": 46, "fields": {"action_time": "2024-04-15T18:14:27.381Z", "user": 1, "content_type": 10, "object_id": "12", "object_repr": "Content block for dwqsqwsq", "action_flag": 1, "change_message": "[{\"added\": {}}]"}}, {"model": "admin.logentry", "pk": 47, "fields": {"action_time": "2024-04-15T18:45:11.988Z", "user": 1, "content_type": 10, "object_id": "13", "object_repr": "Content block for dwqsqwsq", "action_flag": 1, "change_message": "[{\"added\": {}}]"}}, {"model": "admin.logentry", "pk": 48, "fields": {"action_time": "2024-04-21T08:36:13.086Z", "user": 1, "content_type": 12, "object_id": "4", "object_repr": "fdsffd", "action_flag": 1, "change_message": "[{\"added\": {}}]"}}, {"model": "admin.logentry", "pk": 49, "fields": {"action_time": "2024-04-21T08:44:01.462Z", "user": 1, "content_type": 14, "object_id": "1", "object_repr": "Yvideos object (1)", "action_flag": 2, "change_message": "[]"}}, {"model": "admin.logentry", "pk": 50, "fields": {"action_time": "2024-04-21T08:44:22.730Z", "user": 1, "content_type": 14, "object_id": "5", "object_repr": "Yvideos object (5)", "action_flag": 1, "change_message": "[{\"added\": {}}]"}}, {"model": "admin.logentry", "pk": 51, "fields": {"action_time": "2024-04-21T08:55:40.245Z", "user": 1, "content_type": 12, "object_id": "5", "object_repr": "effdef", "action_flag": 1, "change_message": "[{\"added\": {}}]"}}, {"model": "admin.logentry", "pk": 52, "fields": {"action_time": "2024-04-21T09:18:08.227Z", "user": 1, "content_type": 7, "object_id": "2", "object_repr": "wdwdwds", "action_flag": 1, "change_message": "[{\"added\": {}}]"}}, {"model": "admin.logentry", "pk": 53, "fields": {"action_time": "2024-04-21T11:15:58.257Z", "user": 1, "content_type": 14, "object_id": "5", "object_repr": "Yvideos object (5)", "action_flag": 2, "change_message": "[]"}}, {"model": "admin.logentry", "pk": 54, "fields": {"action_time": "2024-04-21T11:16:06.840Z", "user": 1, "content_type": 14, "object_id": "6", "object_repr": "Yvideos object (6)", "action_flag": 1, "change_message": "[{\"added\": {}}]"}}, {"model": "admin.logentry", "pk": 55, "fields": {"action_time": "2024-04-21T11:18:46.260Z", "user": 1, "content_type": 14, "object_id": "1", "object_repr": "Yvideos object (1)", "action_flag": 2, "change_message": "[{\"changed\": {\"fields\": [\"Link\"]}}]"}}, {"model": "admin.logentry", "pk": 56, "fields": {"action_time": "2024-04-21T11:19:09.055Z", "user": 1, "content_type": 14, "object_id": "5", "object_repr": "Yvideos object (5)", "action_flag": 2, "change_message": "[{\"changed\": {\"fields\": [\"Link\"]}}]"}}, {"model": "admin.logentry", "pk": 57, "fields": {"action_time": "2024-04-21T11:49:03.782Z", "user": 1, "content_type": 7, "object_id": "3", "object_repr": "saasa", "action_flag": 1, "change_message": "[{\"added\": {}}]"}}, {"model": "admin.logentry", "pk": 58, "fields": {"action_time": "2024-04-21T14:38:39.350Z", "user": 1, "content_type": 7, "object_id": "2", "object_repr": "wdwdwds", "action_flag": 2, "change_message": "[{\"changed\": {\"fields\": [\"Image\"]}}]"}}, {"model": "admin.logentry", "pk": 59, "fields": {"action_time": "2024-04-21T14:38:47.802Z", "user": 1, "content_type": 7, "object_id": "3", "object_repr": "saasa", "action_flag": 2, "change_message": "[{\"changed\": {\"fields\": [\"Image\"]}}]"}}, {"model": "admin.logentry", "pk": 60, "fields": {"action_time": "2024-04-21T15:48:43.047Z", "user": 1, "content_type": 7, "object_id": "4", "object_repr": "rand", "action_flag": 1, "change_message": "[{\"added\": {}}]"}}, {"model": "admin.logentry", "pk": 61, "fields": {"action_time": "2024-04-21T18:31:18.327Z", "user": 1, "content_type": 7, "object_id": "2", "object_repr": "wdwdwds", "action_flag": 3, "change_message": ""}}, {"model": "admin.logentry", "pk": 62, "fields": {"action_time": "2024-04-21T18:47:11.512Z", "user": 1, "content_type": 8, "object_id": "324a4f8e-2d35-47ff-9f3b-fd0339e488b5", "object_repr": "test", "action_flag": 2, "change_message": "[{\"changed\": {\"fields\": [\"Cover image\", \"Abstract\", \"Authors\"]}}]"}}, {"model": "admin.logentry", "pk": 63, "fields": {"action_time": "2024-04-21T18:47:20.098Z", "user": 1, "content_type": 8, "object_id": "324a4f8e-2d35-47ff-9f3b-fd0339e488b5", "object_repr": "test", "action_flag": 2, "change_message": "[{\"changed\": {\"fields\": [\"Tags\"]}}]"}}, {"model": "admin.logentry", "pk": 64, "fields": {"action_time": "2024-04-21T18:47:51.157Z", "user": 1, "content_type": 8, "object_id": "a49b4b04-85ec-4e41-8702-2378675a4e81", "object_repr": "dwqsqwsq", "action_flag": 2, "change_message": "[{\"changed\": {\"fields\": [\"Authors\"]}}]"}}, {"model": "admin.logentry", "pk": 65, "fields": {"action_time": "2024-04-21T19:05:39.731Z", "user": 1, "content_type": 8, "object_id": "a49b4b04-85ec-4e41-8702-2378675a4e81", "object_repr": "dwqsqwsq", "action_flag": 2, "change_message": "[{\"changed\": {\"fields\": [\"Abstract\"]}}]"}}, {"model": "admin.logentry", "pk": 66, "fields": {"action_time": "2024-04-21T19:08:20.700Z", "user": 1, "content_type": 8, "object_id": "a49b4b04-85ec-4e41-8702-2378675a4e81", "object_repr": "dwqsqwsq", "action_flag": 2, "change_message": "[{\"changed\": {\"fields\": [\"Abstract\"]}}]"}}, {"model": "admin.logentry", "pk": 67, "fields": {"action_time": "2024-04-21T19:09:39.095Z", "user": 1, "content_type": 8, "object_id": "a49b4b04-85ec-4e41-8702-2378675a4e81", "object_repr": "dwqsqwsq", "action_flag": 2, "change_message": "[{\"changed\": {\"fields\": [\"Authors\"]}}]"}}, {"model": "admin.logentry", "pk": 68, "fields": {"action_time": "2024-04-22T07:44:47.701Z", "user": 1, "content_type": 12, "object_id": "6", "object_repr": "kkkkkk", "action_flag": 1, "change_message": "[{\"added\": {}}]"}}, {"model": "admin.logentry", "pk": 69, "fields": {"action_time": "2024-04-22T08:46:25.296Z", "user": 1, "content_type": 7, "object_id": "4", "object_repr": "rand", "action_flag": 2, "change_message": "[]"}}, {"model": "admin.logentry", "pk": 70, "fields": {"action_time": "2024-04-22T08:52:42.218Z", "user": 1, "content_type": 7, "object_id": "3", "object_repr": "saasa", "action_flag": 2, "change_message": "[{\"changed\": {\"fields\": [\"Image\"]}}]"}}, {"model": "admin.logentry", "pk": 71, "fields": {"action_time": "2024-04-22T12:54:20.614Z", "user": 1, "content_type": 8, "object_id": "a49b4b04-85ec-4e41-8702-2378675a4e81", "object_repr": "dwqsqwsq", "action_flag": 2, "change_message": "[]"}}, {"model": "admin.logentry", "pk": 72, "fields": {"action_time": "2024-04-22T12:54:39.587Z", "user": 1, "content_type": 8, "object_id": "a49b4b04-85ec-4e41-8702-2378675a4e81", "object_repr": "dwqsqwsq", "action_flag": 2, "change_message": "[{\"changed\": {\"fields\": [\"Image\"]}}]"}}, {"model": "admin.logentry", "pk": 73, "fields": {"action_time": "2024-04-22T12:54:53.442Z", "user": 1, "content_type": 7, "object_id": "4", "object_repr": "rand", "action_flag": 2, "change_message": "[{\"changed\": {\"fields\": [\"Image\"]}}]"}}, {"model": "admin.logentry", "pk": 74, "fields": {"action_time": "2024-04-22T12:55:08.187Z", "user": 1, "content_type": 7, "object_id": "3", "object_repr": "saasa", "action_flag": 2, "change_message": "[{\"changed\": {\"fields\": [\"Image\"]}}]"}}, {"model": "admin.logentry", "pk": 75, "fields": {"action_time": "2024-04-22T12:58:38.515Z", "user": 1, "content_type": 8, "object_id": "eab0e7d2-1e35-41b4-8aa4-c75d1ea46719", "object_repr": "dsdsds", "action_flag": 1, "change_message": "[{\"added\": {}}]"}}, {"model": "admin.logentry", "pk": 76, "fields": {"action_time": "2024-04-22T13:30:20.864Z", "user": 1, "content_type": 16, "object_id": "8", "object_repr": "dsddsds", "action_flag": 1, "change_message": "[{\"added\": {}}]"}}, {"model": "admin.logentry", "pk": 77, "fields": {"action_time": "2024-04-22T13:30:47.632Z", "user": 1, "content_type": 16, "object_id": "9", "object_repr": "sasasa", "action_flag": 1, "change_message": "[{\"added\": {}}]"}}, {"model": "admin.logentry", "pk": 78, "fields": {"action_time": "2024-04-22T14:05:04.691Z", "user": 1, "content_type": 18, "object_id": "1", "object_repr": "dsdssdsdsd", "action_flag": 1, "change_message": "[{\"added\": {}}]"}}, {"model": "admin.logentry", "pk": 79, "fields": {"action_time": "2024-04-22T14:07:16.125Z", "user": 1, "content_type": 10, "object_id": "5", "object_repr": "Content block for dwqsqwsq", "action_flag": 2, "change_message": "[{\"changed\": {\"fields\": [\"Image\"]}}]"}}, {"model": "admin.logentry", "pk": 80, "fields": {"action_time": "2024-04-22T17:27:31.357Z", "user": 1, "content_type": 12, "object_id": "7", "object_repr": "dsdsdsdd", "action_flag": 1, "change_message": "[{\"added\": {}}]"}}, {"model": "admin.logentry", "pk": 81, "fields": {"action_time": "2024-04-22T18:11:41.867Z", "user": 1, "content_type": 16, "object_id": "10", "object_repr": "sass", "action_flag": 1, "change_message": "[{\"added\": {}}]"}}, {"model": "admin.logentry", "pk": 82, "fields": {"action_time": "2024-04-22T18:16:27.162Z", "user": 1, "content_type": 15, "object_id": "2", "object_repr": "swsssssssssssssss", "action_flag": 2, "change_message": "[{\"changed\": {\"fields\": [\"Image\"]}}]"}}, {"model": "admin.logentry", "pk": 83, "fields": {"action_time": "2024-04-22T18:16:41.180Z", "user": 1, "content_type": 15, "object_id": "1", "object_repr": "wssww", "action_flag": 2, "change_message": "[{\"changed\": {\"fields\": [\"Image\"]}}]"}}, {"model": "admin.logentry", "pk": 84, "fields": {"action_time": "2024-04-22T19:04:56.907Z", "user": 1, "content_type": 8, "object_id": "06ea8bd1-7e2d-4cd4-b009-dd06d5563a5e", "object_repr": "\"The Power of Positive Affirmations: Transforming Your Mindset\"", "action_flag": 1, "change_message": "[{\"added\": {}}]"}}, {"model": "admin.logentry", "pk": 85, "fields": {"action_time": "2024-04-24T07:06:24.847Z", "user": 1, "content_type": 16, "object_id": "10", "object_repr": "sass", "action_flag": 2, "change_message": "[]"}}, {"model": "admin.logentry", "pk": 86, "fields": {"action_time": "2024-04-24T07:07:43.974Z", "user": 1, "content_type": 16, "object_id": "11", "object_repr": "sasas", "action_flag": 1, "change_message": "[{\"added\": {}}]"}}, {"model": "auth.permission", "pk": 1, "fields": {"name": "Can add log entry", "content_type": 1, "codename": "add_logentry"}}, {"model": "auth.permission", "pk": 2, "fields": {"name": "Can change log entry", "content_type": 1, "codename": "change_logentry"}}, {"model": "auth.permission", "pk": 3, "fields": {"name": "Can delete log entry", "content_type": 1, "codename": "delete_logentry"}}, {"model": "auth.permission", "pk": 4, "fields": {"name": "Can view log entry", "content_type": 1, "codename": "view_logentry"}}, {"model": "auth.permission", "pk": 5, "fields": {"name": "Can add permission", "content_type": 2, "codename": "add_permission"}}, {"model": "auth.permission", "pk": 6, "fields": {"name": "Can change permission", "content_type": 2, "codename": "change_permission"}}, {"model": "auth.permission", "pk": 7, "fields": {"name": "Can delete permission", "content_type": 2, "codename": "delete_permission"}}, {"model": "auth.permission", "pk": 8, "fields": {"name": "Can view permission", "content_type": 2, "codename": "view_permission"}}, {"model": "auth.permission", "pk": 9, "fields": {"name": "Can add group", "content_type": 3, "codename": "add_group"}}, {"model": "auth.permission", "pk": 10, "fields": {"name": "Can change group", "content_type": 3, "codename": "change_group"}}, {"model": "auth.permission", "pk": 11, "fields": {"name": "Can delete group", "content_type": 3, "codename": "delete_group"}}, {"model": "auth.permission", "pk": 12, "fields": {"name": "Can view group", "content_type": 3, "codename": "view_group"}}, {"model": "auth.permission", "pk": 13, "fields": {"name": "Can add user", "content_type": 4, "codename": "add_user"}}, {"model": "auth.permission", "pk": 14, "fields": {"name": "Can change user", "content_type": 4, "codename": "change_user"}}, {"model": "auth.permission", "pk": 15, "fields": {"name": "Can delete user", "content_type": 4, "codename": "delete_user"}}, {"model": "auth.permission", "pk": 16, "fields": {"name": "Can view user", "content_type": 4, "codename": "view_user"}}, {"model": "auth.permission", "pk": 17, "fields": {"name": "Can add content type", "content_type": 5, "codename": "add_contenttype"}}, {"model": "auth.permission", "pk": 18, "fields": {"name": "Can change content type", "content_type": 5, "codename": "change_contenttype"}}, {"model": "auth.permission", "pk": 19, "fields": {"name": "Can delete content type", "content_type": 5, "codename": "delete_contenttype"}}, {"model": "auth.permission", "pk": 20, "fields": {"name": "Can view content type", "content_type": 5, "codename": "view_contenttype"}}, {"model": "auth.permission", "pk": 21, "fields": {"name": "Can add session", "content_type": 6, "codename": "add_session"}}, {"model": "auth.permission", "pk": 22, "fields": {"name": "Can change session", "content_type": 6, "codename": "change_session"}}, {"model": "auth.permission", "pk": 23, "fields": {"name": "Can delete session", "content_type": 6, "codename": "delete_session"}}, {"model": "auth.permission", "pk": 24, "fields": {"name": "Can view session", "content_type": 6, "codename": "view_session"}}, {"model": "auth.permission", "pk": 25, "fields": {"name": "Can add author", "content_type": 7, "codename": "add_author"}}, {"model": "auth.permission", "pk": 26, "fields": {"name": "Can change author", "content_type": 7, "codename": "change_author"}}, {"model": "auth.permission", "pk": 27, "fields": {"name": "Can delete author", "content_type": 7, "codename": "delete_author"}}, {"model": "auth.permission", "pk": 28, "fields": {"name": "Can view author", "content_type": 7, "codename": "view_author"}}, {"model": "auth.permission", "pk": 29, "fields": {"name": "Can add b_post", "content_type": 8, "codename": "add_b_post"}}, {"model": "auth.permission", "pk": 30, "fields": {"name": "Can change b_post", "content_type": 8, "codename": "change_b_post"}}, {"model": "auth.permission", "pk": 31, "fields": {"name": "Can delete b_post", "content_type": 8, "codename": "delete_b_post"}}, {"model": "auth.permission", "pk": 32, "fields": {"name": "Can view b_post", "content_type": 8, "codename": "view_b_post"}}, {"model": "auth.permission", "pk": 33, "fields": {"name": "Can add comment", "content_type": 9, "codename": "add_comment"}}, {"model": "auth.permission", "pk": 34, "fields": {"name": "Can change comment", "content_type": 9, "codename": "change_comment"}}, {"model": "auth.permission", "pk": 35, "fields": {"name": "Can delete comment", "content_type": 9, "codename": "delete_comment"}}, {"model": "auth.permission", "pk": 36, "fields": {"name": "Can view comment", "content_type": 9, "codename": "view_comment"}}, {"model": "auth.permission", "pk": 37, "fields": {"name": "Can add content block", "content_type": 10, "codename": "add_contentblock"}}, {"model": "auth.permission", "pk": 38, "fields": {"name": "Can change content block", "content_type": 10, "codename": "change_contentblock"}}, {"model": "auth.permission", "pk": 39, "fields": {"name": "Can delete content block", "content_type": 10, "codename": "delete_contentblock"}}, {"model": "auth.permission", "pk": 40, "fields": {"name": "Can view content block", "content_type": 10, "codename": "view_contentblock"}}, {"model": "auth.permission", "pk": 41, "fields": {"name": "Can add team", "content_type": 11, "codename": "add_team"}}, {"model": "auth.permission", "pk": 42, "fields": {"name": "Can change team", "content_type": 11, "codename": "change_team"}}, {"model": "auth.permission", "pk": 43, "fields": {"name": "Can delete team", "content_type": 11, "codename": "delete_team"}}, {"model": "auth.permission", "pk": 44, "fields": {"name": "Can view team", "content_type": 11, "codename": "view_team"}}, {"model": "auth.permission", "pk": 45, "fields": {"name": "Can add event", "content_type": 12, "codename": "add_event"}}, {"model": "auth.permission", "pk": 46, "fields": {"name": "Can change event", "content_type": 12, "codename": "change_event"}}, {"model": "auth.permission", "pk": 47, "fields": {"name": "Can delete event", "content_type": 12, "codename": "delete_event"}}, {"model": "auth.permission", "pk": 48, "fields": {"name": "Can view event", "content_type": 12, "codename": "view_event"}}, {"model": "auth.permission", "pk": 49, "fields": {"name": "Can add quote", "content_type": 13, "codename": "add_quote"}}, {"model": "auth.permission", "pk": 50, "fields": {"name": "Can change quote", "content_type": 13, "codename": "change_quote"}}, {"model": "auth.permission", "pk": 51, "fields": {"name": "Can delete quote", "content_type": 13, "codename": "delete_quote"}}, {"model": "auth.permission", "pk": 52, "fields": {"name": "Can view quote", "content_type": 13, "codename": "view_quote"}}, {"model": "auth.permission", "pk": 53, "fields": {"name": "Can add yvideos", "content_type": 14, "codename": "add_yvideos"}}, {"model": "auth.permission", "pk": 54, "fields": {"name": "Can change yvideos", "content_type": 14, "codename": "change_yvideos"}}, {"model": "auth.permission", "pk": 55, "fields": {"name": "Can delete yvideos", "content_type": 14, "codename": "delete_yvideos"}}, {"model": "auth.permission", "pk": 56, "fields": {"name": "Can view yvideos", "content_type": 14, "codename": "view_yvideos"}}, {"model": "auth.permission", "pk": 57, "fields": {"name": "Can add img grp", "content_type": 15, "codename": "add_imggrp"}}, {"model": "auth.permission", "pk": 58, "fields": {"name": "Can change img grp", "content_type": 15, "codename": "change_imggrp"}}, {"model": "auth.permission", "pk": 59, "fields": {"name": "Can delete img grp", "content_type": 15, "codename": "delete_imggrp"}}, {"model": "auth.permission", "pk": 60, "fields": {"name": "Can view img grp", "content_type": 15, "codename": "view_imggrp"}}, {"model": "auth.permission", "pk": 61, "fields": {"name": "Can add image", "content_type": 16, "codename": "add_image"}}, {"model": "auth.permission", "pk": 62, "fields": {"name": "Can change image", "content_type": 16, "codename": "change_image"}}, {"model": "auth.permission", "pk": 63, "fields": {"name": "Can delete image", "content_type": 16, "codename": "delete_image"}}, {"model": "auth.permission", "pk": 64, "fields": {"name": "Can view image", "content_type": 16, "codename": "view_image"}}, {"model": "auth.permission", "pk": 65, "fields": {"name": "Can add tag", "content_type": 17, "codename": "add_tag"}}, {"model": "auth.permission", "pk": 66, "fields": {"name": "Can change tag", "content_type": 17, "codename": "change_tag"}}, {"model": "auth.permission", "pk": 67, "fields": {"name": "Can delete tag", "content_type": 17, "codename": "delete_tag"}}, {"model": "auth.permission", "pk": 68, "fields": {"name": "Can view tag", "content_type": 17, "codename": "view_tag"}}, {"model": "auth.permission", "pk": 69, "fields": {"name": "Can add achievements", "content_type": 18, "codename": "add_achievements"}}, {"model": "auth.permission", "pk": 70, "fields": {"name": "Can change achievements", "content_type": 18, "codename": "change_achievements"}}, {"model": "auth.permission", "pk": 71, "fields": {"name": "Can delete achievements", "content_type": 18, "codename": "delete_achievements"}}, {"model": "auth.permission", "pk": 72, "fields": {"name": "Can view achievements", "content_type": 18, "codename": "view_achievements"}}, {"model": "auth.user", "pk": 1, "fields": {"password": "pbkdf2_sha256$720000$uo1SDPWpMQxz9rqmmwb1ix$exGCpNhQb6E0yPc/AInywLJCRYy9iPTTymKECWjHGDk=", "last_login": "2024-04-12T13:41:35.066Z", "is_superuser": true, "username": "admin", "first_name": "", "last_name": "", "email": "admin@example.com", "is_staff": true, "is_active": true, "date_joined": "2024-03-16T11:06:38.434Z", "groups": [], "user_permissions": []}}, {"model": "sessions.session", "pk": "7s0wb8k7n8pcipffcfipnu6erlpbo53t", "fields": {"session_data": ".eJxVjEEOwiAQRe_C2pDSjsC4dN8zkIGZStVAUtqV8e7apAvd_vfef6lA25rD1mQJM6uLMur0u0VKDyk74DuVW9WplnWZo94VfdCmx8ryvB7u30Gmlr-160FAhqF3TJLQnL1FHzuDgGZCAD-4CQDEYUICYxzESEIWOFoE7tT7A78BNyw:1rvH9r:Lfa1e5-gxXhkOKFeKnj6dKbzNDD8Aa0Eh7KxL99b93E", "expire_date": "2024-04-26T13:41:35.069Z"}}, {"model": "sessions.session", "pk": "uxzhhxuqp30i7p1i6c0zsixynjld49t2", "fields": {"session_data": ".eJxVjEEOwiAQRe_C2pDSjsC4dN8zkIGZStVAUtqV8e7apAvd_vfef6lA25rD1mQJM6uLMur0u0VKDyk74DuVW9WplnWZo94VfdCmx8ryvB7u30Gmlr-160FAhqF3TJLQnL1FHzuDgGZCAD-4CQDEYUICYxzESEIWOFoE7tT7A78BNyw:1rlRt4:EwLYQsZwfmjhQo_Ed5kzxauwCGufOUIEUJlRGA68DLc", "expire_date": "2024-03-30T11:07:38.552Z"}}, {"model": "blogs.tag", "pk": 1, "fields": {"name": "wow"}}, {"model": "blogs.tag", "pk": 2, "fields": {"name": "chow"}}, {"model": "blogs.author", "pk": 1, "fields": {"name": "", "bio": "qdwwwwwwwwwwwwwwwww", "image": ""}}, {"model": "blogs.author", "pk": 3, "fields": {"name": "saasa", "bio": "sasasa", "image": "image/upload/v1713790507/rchiyxpz1mlcyt7uiw4t.png"}}, {"model": "blogs.author", "pk": 4, "fields": {"name": "rand", "bio": "dsdsds", "image": "image/upload/v1713790492/zbjmdrd2y9ufabczjghz.png"}}, {"model": "blogs.b_post", "pk": "06ea8bd1-7e2d-4cd4-b009-dd06d5563a5e", "fields": {"title": "\"The Power of Positive Affirmations: Transforming Your Mindset\"", "cover_image": "image/upload/v1713812696/kwa6vpu8rlhscfducdns.png", "abstract": "Explore how positive affirmations can reshape your mindset, boost self-esteem, and cultivate a more positive outlook on life.", "status": "published", "authors": [4], "tags": [1, 2]}}, {"model": "blogs.b_post", "pk": "324a4f8e-2d35-47ff-9f3b-fd0339e488b5", "fields": {"title": "test", "cover_image": "image/upload/b_cover_images/Screenshot_from_2024-04-21_22-51-51.png", "abstract": "wqwqwqq", "status": "published", "authors": [3], "tags": [2]}}, {"model": "blogs.b_post", "pk": "a49b4b04-85ec-4e41-8702-2378675a4e81", "fields": {"title": "dwqsqwsq", "cover_image": "image/upload/v1713790478/usz82u7jtqtd7tfa9ers.png", "abstract": "ddddddd ddddddd ddddddddd daaaaaa aaaaaaaaaaaa aaaaaa aaaaaaa aaaaa aaaaaa aaaaaaaaa aaaaa  aaaaaaaa aaa aaaaa aaa aaaaa aaa aaaa aa aaaaaa aaaa addd dddd dddddd dddd dddd ddd", "status": "published", "authors": [3, 4], "tags": [1, 2]}}, {"model": "blogs.b_post", "pk": "eab0e7d2-1e35-41b4-8aa4-c75d1ea46719", "fields": {"title": "dsdsds", "cover_image": "image/upload/v1713790717/dblvbm9qjfz7cnpz946z.png", "abstract": "dsdsdsddsd", "status": "published", "authors": [4], "tags": [1]}}, {"model": "blogs.contentblock", "pk": 1, "fields": {"post": "a49b4b04-85ec-4e41-8702-2378675a4e81", "order_type": "paragraph", "text": "ewdewwwwwwwwwwwwwwwwwwwww", "image": "", "caption": "", "order": 1}}, {"model": "blogs.contentblock", "pk": 2, "fields": {"post": "a49b4b04-85ec-4e41-8702-2378675a4e81", "order_type": "paragraph", "text": "dwwwwwwwwssssssaaaaaa22222222222", "image": "", "caption": "", "order": 3}}, {"model": "blogs.contentblock", "pk": 4, "fields": {"post": "a49b4b04-85ec-4e41-8702-2378675a4e81", "order_type": "image", "text": "", "image": "image/upload/post_images/CG.png", "caption": "aaaa", "order": 5}}, {"model": "blogs.contentblock", "pk": 5, "fields": {"post": "a49b4b04-85ec-4e41-8702-2378675a4e81", "order_type": "image", "text": "", "image": "image/upload/v1713794835/gmewawxne8cz82ltytvz.jpg", "caption": "lion", "order": 2}}, {"model": "blogs.contentblock", "pk": 6, "fields": {"post": "a49b4b04-85ec-4e41-8702-2378675a4e81", "order_type": "paragraph", "text": "lastdfttttttttttt", "image": "", "caption": "", "order": 0}}, {"model": "blogs.contentblock", "pk": 7, "fields": {"post": "324a4f8e-2d35-47ff-9f3b-fd0339e488b5", "order_type": "paragraph", "text": "this is test", "image": "", "caption": "", "order": 0}}, {"model": "blogs.contentblock", "pk": 8, "fields": {"post": "324a4f8e-2d35-47ff-9f3b-fd0339e488b5", "order_type": "image", "text": "", "image": "image/upload/post_images/lion_n8f5I7V.jpg", "caption": "lion", "order": 1}}, {"model": "blogs.contentblock", "pk": 9, "fields": {"post": "324a4f8e-2d35-47ff-9f3b-fd0339e488b5", "order_type": "paragraph", "text": "lion is lion", "image": "", "caption": "", "order": 2}}, {"model": "blogs.contentblock", "pk": 10, "fields": {"post": "324a4f8e-2d35-47ff-9f3b-fd0339e488b5", "order_type": "paragraph", "text": "ye mera india", "image": "", "caption": "", "order": 4}}, {"model": "blogs.contentblock", "pk": 11, "fields": {"post": "324a4f8e-2d35-47ff-9f3b-fd0339e488b5", "order_type": "image", "text": "", "image": "image/upload/post_images/CG_kd955IB.png", "caption": "random", "order": 3}}, {"model": "blogs.contentblock", "pk": 12, "fields": {"post": "a49b4b04-85ec-4e41-8702-2378675a4e81", "order_type": "paragraph", "text": "rfffffffffffffffffffffffffffffffffffffffffffffffffffrfffffffffffffffffffffffffffffffffffffffffffffffffffrfffffffffffffffffffffffffffffffffffffffffffffffffffrfffffffffffffffffffffffffffffffffffffffffffffffffffrfffffffffffffffffffffffffffffffffffffffffffffffffffrfffffffffffffffffffffffffffffffffffffffffffffffffffrfffffffffffffffffffffffffffffffffffffffffffffffffffrfffffffffffffffffffffffffffffffffffffffffffffffffffrfffffffffffffffffffffffffffffffffffffffffffffffffffrfffffffffffffffffffffffffffffffffffffffffffffffffffrfffffffffffffffffffffffffffffffffffffffffffffffffffrfffffffffffffffffffffffffffffffffffffffffffffffffffrfffffffffffffffffffffffffffffffffffffffffffffffffffrfffffffffffffffffffffffffffffffffffffffffffffffffffrfffffffffffffffffffffffffffffffffffffffffffffffffffrfffffffffffffffffffffffffffffffffffffffffffffffffffrfffffffffffffffffffffffffffffffffffffffffffffffffff", "image": "", "caption": "", "order": 12}}, {"model": "blogs.contentblock", "pk": 13, "fields": {"post": "a49b4b04-85ec-4e41-8702-2378675a4e81", "order_type": "image", "text": "", "image": "image/upload/post_images/Screenshot_from_2024-04-11_21-13-05_7EO2Yhf.png", "caption": "sssssssss", "order": 14}}, {"model": "blogs.team", "pk": 1, "fields": {"name": "Krishna Tulsyan", "bio": "learner", "post": "Web Head", "image": "image/upload/post_images/Screenshot_from_2024-04-05_23-31-59_m5KGAjp.png", "category": "core"}}, {"model": "blogs.team", "pk": 2, "fields": {"name": "Ayush Kumar", "bio": "developer", "post": "Web Coordinator", "image": "image/upload/post_images/course.jpeg", "category": "cordinators"}}, {"model": "blogs.event", "pk": 1, "fields": {"name": "Ayush Kumar", "about": "relax", "event_date": "2024-04-09T17:45:57Z", "event_time": null, "image": "image/upload/post_images/Screenshot_from_2024-04-11_21-13-05.png", "lunar_date": "Chaitra", "tagline": null, "venue": null, "contact_email": null, "contact_phone": null, "form_link": null}}, {"model": "blogs.event", "pk": 2, "fields": {"name": "deded", "about": "sdsssssssssssssssssssssssssssssssssssssssssssssssssssssssssssssssssssssssss", "event_date": "2024-04-14T19:30:50Z", "event_time": null, "image": "", "lunar_date": "Chaitra", "tagline": null, "venue": null, "contact_email": null, "contact_phone": null, "form_link": null}}, {"model": "blogs.event", "pk": 3, "fields": {"name": "aaaaaaaaaaaaaaaaaaa", "about": "aaaaaaaaaaaaaaaaaaaaaaaaaaaaaaaaaaaaaaaaaaaaaaaaaaaaaaaaaaaaaaaaaaaaaaaaaaaaaaaaaaaaaaaaaaaaaaaaaaaaaaaaaaaaaaa", "event_date": "2024-04-14T19:31:20Z", "event_time": null, "image": "", "lunar_date": "Chaitra", "tagline": null, "venue": null, "contact_email": null, "contact_phone": null, "form_link": null}}, {"model": "blogs.event", "pk": 4, "fields": {"name": "fdsffd", "about": "fdffsd", "event_date": "2024-04-21T08:35:54Z", "event_time": null, "image": "image/upload/post_images/Screenshot_from_2024-04-11_21-12-11.png", "lunar_date": "Chaitra", "tagline": null, "venue": null, "contact_email": null, "contact_phone": null, "form_link": null}}, {"model": "blogs.event", "pk": 5, "fields": {"name": "effdef", "about": "dsd", "event_date": "2024-04-21T08:55:24Z", "event_time": null, "image": "image/upload/post_images/Screenshot_from_2024-04-19_23-42-32.png", "lunar_date": "Chaitra", "tagline": null, "venue": null, "contact_email": null, "contact_phone": null, "form_link": null}}, {"model": "blogs.event", "pk": 6, "fields": {"name": "kkkkkk", "about": "kkkkk kkkkkkkk kkkkkkkk kkkkk kkkkk k", "event_date": "2024-04-22T07:44:05Z", "event_time": "13:14:07", "image": "image/upload/event_images/testing.jpeg", "lunar_date": "Chaitra", "tagline": "kkkk k kkkk k kkk kk kk kk  kk k kkkkkk", "venue": "lkkkkk kkkk kkkk", "contact_email": "dknsdksm@dmd.com", "contact_phone": "95062354586", "form_link": null}}, {"model": "blogs.event", "pk": 7, "fields": {"name": "dsdsdsdd", "about": "dddddddd  dddddddddd dddddd ddd ddddddddd d d d  d d dddddd d d dddddd d ddd ddddd dddddddd dddddd d dddddddd  dddddddddd dddddd ddd ddddddddd d d d  d d dddddd d d dddddd d ddd ddddd dddddddd dddddd d", "event_date": "2024-04-22T17:26:18Z", "event_time": "22:56:20", "image": "image/upload/v1713806850/loimex3vcskg9aaentnv.png", "lunar_date": "Chaitra", "tagline": "dddd  dddddddddd dddddd ddd ddddddddd d d d  d d dddddd d d dddddd d ddd ddddd dddddddd dddddd d dddddddd  dddd", "venue": "sasasa", "contact_email": "sasas@gmail.com", "contact_phone": "sasas", "form_link": "http://sasas.com"}}, {"model": "blogs.achievements", "pk": 1, "fields": {"name": "dsdssdsdsd", "about": "dsdsdsdssds sddsds cxccd", "image": "image/upload/v1713794702/wtpuotpapsojy5bnkvmq.png"}}, {"model": "blogs.quote", "pk": 1, "fields": {"quote": "Exert yourself with unwavering resolve, yet maintain detachment from the result, for action surpasses inaction. The Bhagavad Gita instructs us to discharge our responsibilities with commitment, embracing the path of self-exploration through virtuous deeds."}}, {"model": "blogs.yvideos", "pk": 1, "fields": {"title": "jam", "link": "https://www.youtube.com/watch?v=XtbvBlCyfT4"}}, {"model": "blogs.yvideos", "pk": 2, "fields": {"title": "tam", "link": "https://www.youtube.com/watch?v=z6yrxk4XcqE"}}, {"model": "blogs.yvideos", "pk": 3, "fields": {"title": "asasa", "link": "https://www.youtube.com/watch?v=zsB1c4n5FPg"}}, {"model": "blogs.yvideos", "pk": 4, "fields": {"title": "sws", "link": "https://www.youtube.com/watch?v=zsB1c4n5FPg"}}, {"model": "blogs.yvideos", "pk": 5, "fields": {"title": "dsdsd", "link": "https://www.youtube.com/watch?v=XtbvBlCyfT4"}}, {"model": "blogs.yvideos", "pk": 6, "fields": {"title": "test", "link": "https://www.youtube.com/watch?v=YavhQOj3cNY"}}, {"model": "blogs.imggrp", "pk": 1, "fields": {"title": "wssww", "cover_image": "image/upload/v1713809800/kqj1yfqskc87f2supzse.png"}}, {"model": "blogs.imggrp", "pk": 2, "fields": {"title": "swsssssssssssssss", "cover_image": "image/upload/v1713809786/ze9dujzzdpbydp8qzk4b.jpg"}}, {"model": "blogs.image", "pk": 1, "fields": {"heading": 1, "image": "image/upload/gallery_images/Screenshot_from_2024-04-14_22-48-40_vtZwPBr.png", "alt": "aa"}}, {"model": "blogs.image", "pk": 2, "fields": {"heading": 1, "image": "image/upload/gallery_images/Screenshot_from_2024-04-14_22-48-40_sQmnUgD.png", "alt": "sqws"}}, {"model": "blogs.image", "pk": 3, "fields": {"heading": 2, "image": "image/upload/gallery_images/Screenshot_from_2024-04-05_23-31-59.png", "alt": "ssss"}}, {"model": "blogs.image", "pk": 4, "fields": {"heading": 2, "image": "image/upload/gallery_images/Screenshot_from_2024-04-05_23-31-59_7Ww9ozz.png", "alt": "qqq"}}, {"model": "blogs.image", "pk": 5, "fields": {"heading": 1, "image": "image/upload/gallery_images/Screenshot_from_2024-04-05_23-31-59_5skck1S.png", "alt": "ss"}}, {"model": "blogs.image", "pk": 6, "fields": {"heading": 1, "image": "image/upload/gallery_images/Screenshot_from_2024-04-11_21-12-11.png", "alt": "ww"}}, {"model": "blogs.image", "pk": 7, "fields": {"heading": 1, "image": "image/upload/gallery_images/Screenshot_from_2024-04-05_23-31-59_do0yo8i.png", "alt": "wwww"}}, {"model": "blogs.image", "pk": 8, "fields": {"heading": 1, "image": "image/upload/v1713792620/l1fekr4y2kwmtxbtm0t5.png", "alt": "dsddsds"}}, {"model": "blogs.image", "pk": 9, "fields": {"heading": 1, "image": "image/upload/v1713792645/yo6xrgqgpfpzitmwgmde.png", "alt": "sasasa"}}, {"model": "blogs.image", "pk": 10, "fields": {"heading": 2, "image": "image/upload/v1713809501/wwtowqzxbbzcskyckotp.png", "alt": "sass"}}, {"model": "blogs.image", "pk": 11, "fields": {"heading": 1, "image": "image/upload/v1713942464/wsd0hjl5r7fie1dckz13.png", "alt": "sasas"}}]